<?xml version="1.0" encoding="utf-8"?>

<!-- activity可正反向检测，service/provider/broadcast只做反向检测 -->
<tests xmlns:android="http://schemas.android.com/apk/res/com.vivo.sdkplugin">

    <!-- 正向 -->
    <!-- 权限 -->
    <uses-permission android:name="vivo.game.permission.OPEN_JUMP_INTENTS"/>
    <uses-permission android:name="android.permission.CHANGE_NETWORK_STATE"/>
    <uses-permission android:name="android.permission.ACCESS_WIFI_STATE"/>
    <uses-permission android:name="android.permission.INTERNET"/>
    <uses-permission android:name="android.permission.ACCESS_NETWORK_STATE"/>
    <uses-permission android:name="android.permission.GET_TASKS"/>
    <uses-permission android:name="android.permission.REQUEST_INSTALL_PACKAGES"/>
    <uses-permission android:name="android.permission.QUERY_ALL_PACKAGES"/>

    <!-- APK/SDK:通用activity -->
    <activity android:configChanges="orientation|keyboardHidden|navigation|screenSize"
        android:name="com.vivo.unionsdk.ui.UnionActivity"
        android:exported="false"
        android:theme="@android:style/Theme.Dialog">
        <intent-filter>
            <action android:name="android.intent.action.VIEW"/>
            <category android:name="android.intent.category.DEFAULT"/>
            <category android:name="android.intent.category.BROWSABLE"/>
            <data android:host="union.vivo.com"
                android:path="/openjump"
                android:scheme="vivounion"/>
        </intent-filter>
    </activity>

    <meta-data android:name="vivo_union_sdk"/>

    <!-- 反向 -->
    <!-- 测试界面 -->
    <activity android:include="false"
        android:name="com.vivo.sdkplugin.TestActivity"/>
    <!-- aidl service -->
    <service android:include="false"
        android:name="com.vivo.plugin.aidl.LoginAccInfoService"/>
    <!-- 自升级对话框 -->
    <activity android:include="false"
        android:name="com.vivo.upgradelibrary.upmode.VivoUpgradeActivityDialog"/>
    <!-- 权限检测对话框 -->
    <activity android:include="false"
        android:name="com.vivo.unionsdk.ui.PermissionAlertActivity"/>
    <activity android:include="false"
        android:name="com.vivo.unionsdk.ui.NonVivoPermissionActivity"/>
    <activity android:include="false"
        android:name="com.alipay.sdk.auth.AuthActivity"/>

    <!--SDK含有功能时期声明 start-->
    <!--微信支付回调-->
    <activity android:include="false"
        android:name="@_pkg_@.wxapi.WXPayEntryActivity"/>
    <!--QQ钱包支付回调-->
    <activity android:include="false"
        android:name="com.vivo.sdkplugin.payment.qqpay.VivoQQPayResultActivity"/>
    <!--银联支付-->
    <activity android:include="false"
        android:name="com.unionpay.uppay.PayActivity"/>
    <!--支付宝支付-->
    <activity android:include="false"
        android:name="com.alipay.sdk.app.H5PayActivity"/>
    <!--SDK含有功能时期声明 end-->

    <!-- 老版本声明 start -->
    <activity android:include="false"
        android:name="com.vivo.sdkplugin.activity.LoginActivity"/>
    <activity android:include="false"
        android:name="com.vivo.sdkplugin.activity.ChangePassWordActivity"/>
    <activity android:include="false"
        android:name="com.vivo.sdkplugin.activity.BindQuestionActivity"/>
    <activity android:include="false"
        android:name="com.vivo.sdkplugin.activity.BindPhoneActivity"/>
    <activity android:include="false"
        android:name="com.vivo.sdkplugin.activity.GameInfoMoreListActivity"/>
    <activity android:include="false"
        android:name="com.vivo.sdkplugin.activity.AccountPersonalCenterActivity"/>
    <activity android:include="false"
        android:name="com.vivo.sdkplugin.activity.AccountAssistWebViewActivity"/>
    <activity android:include="false"
        android:name="com.vivo.sdkplugin.activity.FindpwdVerifyPhoneNumActivity"/>
    <activity android:include="false"
        android:name="com.vivo.sdkplugin.activity.LoginDialogActivity"/>
    <activity android:include="false"
        android:name="com.vivo.sdkplugin.activity.UserFeedBackActivity"/>
    <activity android:include="false"
        android:name="com.vivo.sdkplugin.activity.SetpwdActivity"/>
    <activity android:include="false"
        android:name="com.vivo.sdkplugin.activity.RegisterEmailActiviy"/>
    <activity android:include="false"
        android:name="com.vivo.sdkplugin.activity.RegisterActivity"/>
    <activity android:include="false"
        android:name="com.vivo.sdkplugin.activity.PhoneRegisterCommitActivity"/>
    <activity android:include="false"
        android:name="com.vivo.sdkplugin.activity.RegisterOneKeyActivity"/>
    <activity android:include="false"
        android:name="com.vivo.sdkplugin.activity.VerifyPhoneNumActivity"/>
    <activity android:include="false"
        android:name="com.vivo.sdkplugin.activity.FindPasswordActivity"/>
    <activity android:include="false"
        android:name="com.vivo.sdkplugin.activity.SetPassWordActivity"/>
    <activity android:include="false"
        android:name="com.vivo.sdkplugin.activity.RegisterProtocolActivity"/>
    <activity android:include="false"
        android:name="com.vivo.sdkplugin.activity.CommitUserIdentifyActivity"/>
    <activity android:include="false"
        android:name="com.vivo.sdkplugin.activity.CommitUserContactActivity"/>
    <activity android:include="false"
        android:name="com.vivo.sdkplugin.activity.StrategyDetailActivity"/>
    <activity android:include="false"
        android:name="com.vivo.sdkplugin.activity.SubAccountActivity"/>
    <activity android:include="false"
        android:name="com.vivo.sdkplugin.activity.SubAccountEditActivity"/>
    <activity android:include="false"
        android:name="com.vivo.sdkplugin.activity.SubAccountEditCommitActivity"/>
    <activity android:include="false"
        android:name="com.vivo.sdkplugin.activity.SubAccountAddCommitActivity"/>
    <activity android:include="false"
        android:name="com.vivo.sdkplugin.activity.VivoUserInfoActivity"/>
    <activity android:include="false"
        android:name="com.bbk.payment.dealRecord.VivoDealRecordActivity"/>
    <activity android:include="false"
        android:name="com.bbk.payment.dealRecord.VivoDealRecordDetailActivity"/>
    <activity android:include="false"
        android:name="com.bbk.payment.PaymentActivity"/>
    <activity android:include="false"
        android:name="com.bbk.payment.PaymentRechargeActivity"/>
    <activity android:include="false"
        android:name="com.bbk.payment.SelectMoreChannelActivity"/>
    <activity android:include="false"
        android:name="com.bbk.payment.TicketActivity"/>
    <activity android:include="false"
        android:name="com.bbk.payment.PaymentActionActivity"/>
    <activity android:include="false"
        android:name="com.bbk.payment.CardActivity"/>
    <activity android:include="false"
        android:name="com.bbk.payment.RechargeChoiceActivity"/>
    <activity android:include="false"
        android:name="com.bbk.payment.PaySuccActivity"/>
    <activity android:include="false"
        android:name="com.bbk.payment.JCardActivity"/>
    <activity android:include="false"
        android:name="com.bbk.payment.DetectPayResultActivity"/>
    <activity android:include="false"
        android:name="com.bbk.payment.PayContinueActivity"/>
    <activity android:include="false"
        android:name="com.bbk.payment.RechargeFailActivity"/>
    <activity android:include="false"
        android:name="com.bbk.payment.PaymentDetailsActivity"/>
    <activity android:include="false"
        android:name="com.bbk.payment.tenpay.VivoQQPayResultActivity"/>
    <activity android:include="false"
        android:name="com.bbkmobile.iqoo.payment.PaymentActivity"/>
    <activity android:include="false"
        android:name="com.bbkmobile.iqoo.payment.CardActivity"/>
    <activity android:include="false"
        android:name="com.bbkmobile.iqoo.payment.tenpay.VivoQQPayResultActivity"/>
    <activity android:include="false"
        android:name="@_pkg_@.wxapi.WXSPayEntryActivity"/>

    <service android:include="false"
        android:name="com.vivo.sdkplugin.accounts.LocalService"/>
    <service android:include="false"
        android:name="com.vivo.sdkplugin.accounts.LogWatcherService"/>
    <service android:include="false"
        android:name="com.vivo.sdkplugin.service.VivoAccountService"/>
    <service android:include="false"
        android:name="com.vivo.assist.AssistService"/>
    <receiver android:include="false"
        android:name="com.vivo.sdkplugin.accounts.SendMsgReceiver"/>
    <receiver android:include="false"
        android:name="com.vivo.sdkplugin.accounts.ManageAccountReceiver"/>
    <receiver android:include="false"
        android:name="com.vivo.sdkplugin.accounts.VivoApkInstallRecevier"/>
    <receiver android:include="false"
        android:name="com.vivo.sdkplugin.accounts.VivoIThemeChangeRecevier"/>
    <receiver android:include="false"
        android:name="com.bbkmobile.iqoo.payment.util.ManagePamentReceiver"/>
    <!-- 老版本声明 end -->

    <!-- 更老版本声明 start -->
    <activity android:include="false"
        android:name="com.vivo.account.base.activity.LoginActivity"/>
    <activity android:include="false"
        android:name="com.vivo.account.base.activity.GameInfoMoreListActivity"/>
    <activity android:include="false"
        android:name="com.vivo.account.base.activity.ChangePassWordActivity"/>
    <activity android:include="false"
        android:name="com.vivo.account.base.activity.BindQuestionActivity"/>
    <activity android:include="false"
        android:name="com.vivo.account.base.activity.BindPhoneActivity"/>
    <activity android:include="false"
        android:name="com.vivo.account.base.activity.AccountPersonalCenterActivity"/>
    <activity android:include="false"
        android:name="com.vivo.account.base.activity.AccountAssistWebViewActivity"/>
    <activity android:include="false"
        android:name="com.vivo.account.base.activity.FindpwdVerifyPhoneNumActivity"/>
    <activity android:include="false"
        android:name="com.vivo.account.base.activity.LoginDialogActivity"/>
    <activity android:include="false"
        android:name="com.vivo.account.base.activity.UserFeedBackActivity"/>
    <activity android:include="false"
        android:name="com.vivo.account.base.activity.SetpwdActivity"/>
    <activity android:include="false"
        android:name="com.vivo.account.base.activity.RegisterEmailActiviy"/>
    <activity android:include="false"
        android:name="com.vivo.account.base.activity.RegisterActivity"/>
    <activity android:include="false"
        android:name="com.vivo.account.base.activity.PhoneRegisterCommitActivity"/>
    <activity android:include="false"
        android:name="com.vivo.account.base.activity.RegisterOneKeyActivity"/>
    <activity android:include="false"
        android:name="com.vivo.account.base.activity.VerifyPhoneNumActivity"/>
    <activity android:include="false"
        android:name="com.vivo.account.base.activity.FindPasswordActivity"/>
    <activity android:include="false"
        android:name="com.vivo.account.base.activity.SetPassWordActivity"/>
    <activity android:include="false"
        android:name="com.vivo.account.base.activity.RegisterProtocolActivity"/>
    <activity android:include="false"
        android:name="com.vivo.account.base.activity.CommitUserIdentifyActivity"/>
    <activity android:include="false"
        android:name="com.vivo.account.base.activity.CommitUserContactActivity"/>
    <activity android:include="false"
        android:name="com.vivo.account.base.activity.StrategyDetailActivity"/>
    <activity android:include="false"
        android:name="com.vivo.account.base.activity.SubAccountActivity"/>
    <activity android:include="false"
        android:name="com.bbk.payment.weixin.VivoWXPayEntryActivity"/>

    <service android:include="false"
        android:name="com.vivo.account.base.accounts.LocalService"/>
    <service android:include="false"
        android:name="com.vivo.account.base.accounts.LogWatcherService"/>
    <receiver android:include="false"
        android:name="com.vivo.account.base.accounts.SendMsgReceiver"/>
    <receiver android:include="false"
        android:name="com.vivo.account.base.accounts.ManageAccountReceiver"/>
    <receiver android:include="false"
        android:name="com.vivo.account.base.accounts.VivoApkInstallRecevier"/>
    <!-- 更老版本声明 end -->
    <!--    鉴权sdk start-->
    <drawable android:include="false"
        android:name="vivo_game_dialog_bg"/>
    <drawable android:include="false"
        android:name="vivo_game_dialog_cancel"/>
    <drawable android:include="false"
        android:name="vivo_game_dialog_ok"/>
    <layout android:include="false"
        android:name="vivo_game_common_dialog"/>
    <style android:include="false"
        android:name="vivo_game_common_dialog"/>
    <!--    鉴权sdk end-->

</tests>